Protein,True_Family,Predicted_Family,Confidence,Index,is_negative_control
AFH41240,1.A.102,1.A.102,0.4,3,False
WP_189658242,1.A.104,1.A.104,0.6,7,False
XP_022087427,1.A.105,1.B.5,0.6,10,False
W8PP26,1.A.106,1.A.106,1.0,23,False
A5UL63,1.A.106,1.A.106,1.0,24,False
M0E5W6,1.A.106,1.A.106,1.0,25,False
D3RXV6,1.A.106,1.A.106,1.0,26,False
Q8WWM9,1.A.107,1.B.5,0.6,31,False
Q92915,1.A.108,1.B.5,0.6,34,False
P01584,1.A.109,1.B.5,0.6,36,False
A9JTM7,1.A.110,1.A.110,1.0,45,False
R4GK65,1.A.110,1.A.110,1.0,46,False
Q4U8M1,1.A.111,1.A.111,1.0,54,False
Q8IDG4,1.A.111,1.A.111,1.0,55,False
XP_007903208,1.A.114,1.A.114,0.8,60,False
H3CYV8,1.A.114,1.A.114,0.8,61,False
WP_062382148,1.A.115,1.B.5,0.6,66,False
Q91DM1,1.A.116,1.A.116,0.8,72,False
AGA19094,1.A.116,1.A.116,0.8,73,False
QII89021,1.A.117,1.B.5,0.6,79,False
Q9J3N8,1.A.117,1.B.5,0.6,80,False
PRW60447,1.A.119,1.A.119,1.0,89,False
RYG54403,1.A.119,1.A.119,1.0,90,False
XP_005851849,1.A.119,1.A.119,1.0,91,False
Q8F2Y8,1.A.12,1.A.12,1.0,100,False
P0ACA3,1.A.12,1.A.12,1.0,101,False
B7LBF5,1.A.12,1.A.12,1.0,102,False
KAF2073363,1.A.121,1.A.121,1.0,111,False
KNE65670,1.A.121,1.A.121,1.0,112,False
XP_005847969,1.A.126,1.A.126,1.0,121,False
OLP87777,1.A.126,1.A.126,1.0,122,False
CAD7625038,1.A.126,1.A.126,1.0,123,False
Q3LZX6,1.A.127,1.A.127,0.4,126,False
YP_009725255,1.A.128,1.B.5,0.6,127,False
P30405,1.A.129,1.B.5,0.6,128,False
A9WIT9,1.A.13,1.B.5,0.6,143,False
F8CM01,1.A.13,1.A.13,1.0,144,False
E7RS17,1.A.13,1.A.13,1.0,145,False
B3QY78,1.A.13,1.B.5,0.6,146,False
KAI2464759,1.A.131,1.A.131,1.0,154,False
KKY14299,1.A.131,1.A.131,1.0,155,False
RCL04097,1.A.132,1.A.132,0.4,158,False
P31845,1.A.134,1.A.134,0.6,163,False
Q03105,1.A.137,1.B.5,0.6,165,False
XP_001687221,1.A.138,1.A.138,0.6,170,False
KAJ9467172,1.A.138,1.A.138,0.4,171,False
XP_025967337,1.A.139,1.A.139,0.6,176,False
CAC5415462,1.A.140,1.A.140,0.6,181,False
KNC21563,1.A.140,1.A.140,0.6,182,False
QCR16160,1.A.141,1.A.141,1.0,194,False
AXG08322,1.A.141,1.A.141,1.0,195,False
WP_248910494,1.A.141,1.A.141,1.0,196,False
NP_044070,1.A.143,1.A.143,0.4,199,False
YP_009448007,1.A.144,1.B.5,0.6,203,False
YP_784320,1.A.145,1.A.145,0.4,206,False
VVB63523,1.A.147,1.A.147,0.8,215,False
NVM01300,1.A.147,1.A.147,0.8,216,False
BBF24341,1.A.149,1.B.5,0.6,218,False
E1Z497,1.A.15,1.B.5,0.6,223,False
Q99442,1.A.15,1.A.15,0.6,224,False
M1V6H9,1.A.18,1.B.5,0.6,226,False
YP_009165879,1.A.19,1.A.19,0.8,231,False
E5S402,1.A.20,1.A.20,0.6,236,False
XP_020790974,1.A.21,1.A.21,1.0,251,False
XP_015208495,1.A.21,1.A.21,1.0,252,False
NP_001187,1.A.21,1.A.21,1.0,253,False
XP_032502729,1.A.21,1.A.21,1.0,254,False
R7QNM6,1.A.22,1.A.22,1.0,266,False
AUF82136,1.A.22,1.B.5,0.6,267,False
YP_003969926,1.A.22,1.B.5,0.6,268,False
Q96GZ6,1.A.26,1.A.26,1.0,278,False
O44196,1.A.26,1.A.26,1.0,279,False
L9YYI5,1.A.26,1.A.26,1.0,280,False
Q93PJ3,1.A.29,1.A.29,0.4,285,False
Q814I5,1.A.29,1.A.29,0.4,286,False
A4JYY8,1.A.32,1.B.5,0.6,289,False
F7WTS9,1.A.33,1.A.33,0.4,297,False
Q5YNG4,1.A.33,1.B.5,0.6,298,False
Q8I132,1.A.36,1.A.36,1.0,304,False
J0DPD5,1.A.36,1.A.36,1.0,305,False
Q96HP8,1.A.37,1.A.37,1.0,318,False
XP_026139054,1.A.37,1.A.37,1.0,319,False
C3ZEE2,1.A.37,1.A.37,1.0,320,False
Q7RQA4,1.A.38,1.A.38,0.8,325,False
I6T2J8,1.A.39,1.B.5,0.6,328,False
AJT49618,1.A.40,1.A.40,0.4,333,False
Q6Y8U3,1.A.40,1.A.40,0.4,334,False
PIN02799,1.A.41,1.A.41,1.0,343,False
R0EUA4,1.A.41,1.A.41,1.0,344,False
ADO34202,1.A.42,1.A.42,0.6,349,False
Q7Y5E2,1.A.44,1.B.5,0.6,350,False
A4S185,1.A.46,1.A.46,1.0,367,False
M2Y919,1.A.46,1.A.46,1.0,368,False
D8UGV3,1.A.46,1.A.46,1.0,369,False
GAQ79686,1.A.46,1.A.46,1.0,370,False
Q9LVA7,1.A.47,1.A.47,0.4,374,False
K3WTZ9,1.A.48,1.A.48,1.0,381,False
KAF1786581,1.A.48,1.A.48,1.0,382,False
YP_009113027,1.A.49,1.A.49,0.4,385,False
D8LKG3,1.A.55,1.A.55,1.0,395,False
F4PIU2,1.A.55,1.A.55,1.0,396,False
Q54CR4,1.A.55,1.A.55,1.0,397,False
P0DTC3,1.A.57,1.A.57,0.6,402,False
AVM87627,1.A.58,1.A.58,0.6,406,False
R9RZY4,1.A.59,1.B.5,0.6,409,False
P12870,1.A.61,1.B.5,0.6,411,False
ATP66790,1.A.65,1.A.65,1.0,419,False
H9AA36,1.A.65,1.A.65,1.0,420,False
P81861,1.A.66,1.B.5,0.6,421,False
S9VKR5,1.A.67,1.A.67,1.0,434,False
Q9NLB0,1.A.67,1.A.67,1.0,435,False
XP_022811540,1.A.67,1.A.67,1.0,436,False
XP_034420108,1.A.67,1.A.67,1.0,437,False
O36632,1.A.68,1.A.68,0.4,440,False
P17677,1.A.71,1.B.5,0.6,442,False
Q03709,1.A.73,1.A.73,0.4,445,False
H3D9P2,1.A.74,1.A.74,0.8,450,False
TGO16390,1.A.81,1.A.81,0.8,455,False
Q7Z7J7,1.A.82,1.A.82,0.8,462,False
CAF0733683,1.A.82,1.A.82,0.8,463,False
CRH77963,1.A.86,1.A.86,0.4,467,False
I2K324,1.A.88,1.A.88,1.0,475,False
G8YEP6,1.A.88,1.A.88,1.0,476,False
ANA96049,1.A.89,1.A.89,0.8,481,False
ADX59459,1.A.89,1.A.89,0.8,482,False
E1AA99,1.A.93,1.A.93,0.8,487,False
UKG23804,1.A.94,1.A.94,0.6,491,False
L0N2B4,1.A.96,1.A.96,0.4,494,False
B2BW34,1.A.99,1.A.99,0.4,497,False
P45564,1.B.10,1.B.10,1.0,505,False
H8JS16,1.B.10,1.B.10,1.0,506,False
Q01UI3,1.B.13,1.B.13,1.0,518,False
C9U574,1.B.13,1.B.13,1.0,519,False
J4K5X9,1.B.13,1.B.13,1.0,520,False
A1T0X2,1.B.15,1.B.15,0.6,525,False
I3ZGF0,1.B.16,1.B.5,0.6,541,False
O66915,1.B.16,1.B.5,0.8,542,False
D8PHW0,1.B.16,1.B.16,0.6,543,False
Q7UGJ0,1.B.16,1.B.5,0.6,544,False
WP_152053851,1.B.162,1.B.162,1.0,553,False
WP_160129378,1.B.162,1.B.162,1.0,554,False
M2YRU5,1.B.163,1.B.163,1.0,562,False
A0QP93,1.B.163,1.B.163,1.0,563,False
WP_231666935,1.B.165,1.B.165,1.0,571,False
I1SBC9,1.B.165,1.B.165,1.0,572,False
B0RRH7,1.B.18,1.B.18,1.0,585,False
P0A932,1.B.18,1.B.18,1.0,586,False
Q1CVQ0,1.B.18,1.B.18,1.0,587,False
C1F9P1,1.B.19,1.B.19,1.0,595,False
H8FL42,1.B.19,1.B.19,1.0,596,False
E8M3M3,1.B.21,1.B.21,1.0,606,False
D0X4R0,1.B.21,1.B.21,1.0,607,False
B8K3G3,1.B.21,1.B.21,1.0,608,False
Q0SBX7,1.B.24,1.B.24,1.0,615,False
Q0RYN1,1.B.24,1.B.24,1.0,616,False
H2IWN4,1.B.26,1.B.26,0.6,620,False
A0PAQ8,1.B.27,1.B.27,1.0,633,False
Q7VHZ9,1.B.27,1.B.27,1.0,634,False
Q7VFJ9,1.B.27,1.B.27,1.0,635,False
R4Q7V2,1.B.27,1.B.27,1.0,636,False
K4D2B1,1.B.30,1.B.30,0.6,641,False
M2X828,1.B.30,1.B.69,0.6,642,False
B9D0I1,1.B.31,1.B.31,0.8,648,False
B9KFF7,1.B.31,1.B.31,0.8,649,False
SQI24628,1.B.34,1.B.34,1.0,666,False
WP_075469225,1.B.34,1.B.34,1.0,667,False
SEB47250,1.B.34,1.B.34,1.0,668,False
SIQ09903,1.B.34,1.B.34,1.0,669,False
M4U9K6,1.B.35,1.B.35,1.0,682,False
Q6LL41,1.B.35,1.B.35,1.0,683,False
Q1Z3D7,1.B.35,1.B.35,1.0,684,False
C9QGR6,1.B.35,1.B.35,1.0,685,False
F0RWP8,1.B.36,1.B.36,0.4,688,False
D0LRV8,1.B.37,1.B.37,0.4,691,False
A5GAN4,1.B.39,1.B.5,0.6,701,False
B9M7K9,1.B.39,1.B.39,1.0,702,False
B0VUV8,1.B.39,1.B.39,0.4,703,False
Q8FQT0,1.B.41,1.B.41,0.6,708,False
C0XRQ2,1.B.41,1.B.41,0.6,709,False
Q6GZ99,1.B.49,1.B.49,1.0,717,False
Q8G8H4,1.B.49,1.B.49,1.0,718,False
G6XK71,1.B.5,1.B.5,0.6,732,False
F5SXN1,1.B.5,1.B.16,0.8,733,False
D5CMQ7,1.B.5,1.B.5,0.6,734,False
D3SLU1,1.B.5,1.B.5,0.6,735,False
S0EUI6,1.B.50,1.B.50,0.6,740,False
Q44881,1.B.51,1.B.5,0.6,741,False
B8F2P1,1.B.52,1.B.5,0.6,743,False
A7ZLV9,1.B.53,1.B.53,0.6,747,False
D0LXF9,1.B.60,1.B.60,1.0,756,False
Q6MQH3,1.B.60,1.B.60,1.0,757,False
Q1DFS2,1.B.61,1.B.61,1.0,763,False
Q72DY0,1.B.61,1.B.61,0.8,764,False
Q07KZ2,1.B.62,1.B.62,1.0,772,False
A6DTR9,1.B.62,1.B.62,1.0,773,False
D2QNK6,1.B.63,1.B.63,0.8,778,False
B2RL31,1.B.63,1.B.63,0.8,779,False
F9EV82,1.B.65,1.B.65,1.0,788,False
I3DIB8,1.B.65,1.B.65,1.0,789,False
F6D908,1.B.68,1.B.5,0.4,793,False
W9WL67,1.B.69,1.B.69,0.8,804,False
E9BDN5,1.B.69,1.B.69,0.8,805,False
Q6GQ39,1.B.69,1.B.69,0.8,806,False
A4WXA3,1.B.7,1.B.7,1.0,813,False
Q5HB83,1.B.7,1.B.7,1.0,814,False
Q2K0Q0,1.B.70,1.B.70,1.0,827,False
Q9L7A9,1.B.70,1.B.70,1.0,828,False
Q44665,1.B.70,1.B.70,1.0,829,False
C6W3T8,1.B.73,1.B.73,0.8,835,False
E4T302,1.B.73,1.B.73,0.8,836,False
F8CR23,1.B.75,1.B.75,1.0,845,False
Q7U678,1.B.75,1.B.75,1.0,846,False
Q7VAD5,1.B.75,1.B.75,1.0,847,False
Q4KCN5,1.B.76,1.B.76,1.0,853,False
P36649,1.B.76,1.B.76,0.8,854,False
B7FZU1,1.B.77,1.B.77,1.0,866,False
R1E3Q5,1.B.77,1.B.77,1.0,867,False
W7TBY2,1.B.77,1.B.77,1.0,868,False
A5G7L3,1.B.78,1.B.78,0.8,873,False
L1L857,1.B.79,1.B.5,0.4,875,False
W0A8H9,1.B.81,1.B.81,1.0,890,False
F8GDI1,1.B.81,1.B.81,1.0,891,False
KER09053,1.B.81,1.B.81,1.0,892,False
WP_054039809,1.B.81,1.B.81,1.0,893,False
A5C9I8,1.B.82,1.B.5,0.4,896,False
OGR70538,1.B.84,1.B.84,1.0,903,False
NLW31479,1.B.84,1.B.84,1.0,904,False
S2XLX4,1.B.85,1.B.85,0.6,909,False
WP_094626014,1.B.85,1.B.85,0.6,910,False
WP_132308094,1.B.92,1.B.92,1.0,918,False
WP_101656401,1.B.92,1.B.92,1.0,919,False
WP_068467660,1.B.95,1.B.95,1.0,934,False
TET05321,1.B.95,1.B.95,1.0,935,False
WP_146917420,1.B.95,1.B.95,1.0,936,False
WP_105313043,1.B.95,1.B.95,1.0,937,False
K7JEL9,1.C.10,1.C.10,0.8,943,False
B3MQ48,1.C.10,1.C.10,0.8,944,False
EKF9241902,1.C.100,1.B.5,0.4,947,False
AZY88389,1.C.101,1.C.101,0.6,952,False
C6SS71,1.C.102,1.C.26,0.4,954,False
XP_008081830,1.C.104,1.C.104,1.0,966,False
RDI86773,1.C.104,1.C.104,1.0,967,False
XP_007925356,1.C.104,1.C.104,1.0,968,False
Q51449,1.C.106,1.C.106,0.8,973,False
Q9I788,1.C.106,1.C.106,0.8,974,False
XP_014317300,1.C.108,1.C.108,0.6,979,False
Q6UXR3,1.C.108,1.C.108,0.8,980,False
J8IXD8,1.C.109,1.C.109,0.8,985,False
C7BYV0,1.C.109,1.C.109,0.8,986,False
A1YKW7,1.C.11,1.C.11,1.0,994,False
AEH33294,1.C.11,1.C.11,1.0,995,False
G3WS63,1.C.110,1.B.5,0.4,998,False
Q9H2X3,1.C.111,1.B.5,0.4,1013,False
Q5QGZ9,1.C.111,1.C.111,1.0,1014,False
P05451,1.C.111,1.C.111,1.0,1015,False
Q07108,1.C.111,1.C.111,1.0,1016,False
Q15546,1.C.113,1.C.113,1.0,1029,False
B0XDW7,1.C.113,1.C.113,1.0,1030,False
Q8IY49,1.C.113,1.C.113,1.0,1031,False
Q7YZB4,1.C.114,1.C.114,0.6,1036,False
K4PXJ9,1.C.115,1.C.115,0.6,1041,False
P45884,1.C.115,1.C.115,0.6,1042,False
E9EKK1,1.C.119,1.C.119,0.6,1047,False
M5N9T8,1.C.119,1.C.119,0.6,1048,False
P04347,1.C.121,1.B.5,0.6,1050,False
Q56CZ9,1.C.122,1.B.5,0.6,1052,False
P82427,1.C.124,1.C.124,0.8,1057,False
AEX09222,1.C.124,1.C.124,0.8,1058,False
AHN67314,1.C.126,1.B.5,0.4,1062,False
AAA32327,1.C.129,1.B.5,0.4,1065,False
B7PSG2,1.C.13,1.C.13,0.8,1070,False
J9HUA3,1.C.13,1.C.13,0.8,1071,False
WP_072053873,1.C.130,1.C.130,0.6,1075,False
XP_039042682,1.C.132,1.C.132,1.0,1081,False
WP_168566867,1.C.132,1.C.132,1.0,1082,False
WP_241450605,1.C.136,1.B.5,0.6,1084,False
Q1ELU4,1.C.138,1.C.138,0.6,1088,False
WP_047703972,1.C.14,1.C.14,1.0,1094,False
D1J6Q5,1.C.14,1.C.14,1.0,1095,False
CAC42164,1.C.18,1.B.5,0.6,1098,False
P82270,1.C.19,1.B.5,0.6,1104,False
Q6EZF9,1.C.19,1.C.19,0.6,1105,False
Q9ZIU5,1.C.2,1.C.2,1.0,1122,False
Q45755,1.C.2,1.C.2,1.0,1123,False
R4I3J1,1.C.2,1.C.2,1.0,1124,False
P56955,1.C.2,1.C.2,1.0,1125,False
Q57312,1.C.20,1.C.20,1.0,1133,False
WWQ01948,1.C.20,1.C.20,1.0,1134,False
P84962,1.C.24,1.C.24,1.0,1147,False
P83002,1.C.24,1.C.24,1.0,1148,False
Q6TGQ7,1.C.24,1.C.24,1.0,1149,False
WP_080375718,1.C.24,1.C.24,1.0,1150,False
WP_098856434,1.C.26,1.B.5,0.4,1153,False
A7GJP5,1.C.31,1.C.31,0.6,1157,False
P49913,1.C.33,1.C.33,1.0,1167,False
P54228,1.C.33,1.C.33,1.0,1168,False
ASN73764,1.C.33,1.C.33,1.0,1169,False
WP_121688872,1.C.37,1.C.37,1.0,1180,False
WP_142504358,1.C.37,1.C.37,1.0,1181,False
CRH85725,1.C.37,1.C.37,1.0,1182,False
XP_010767831,1.C.38,1.C.38,1.0,1196,False
Q5UCA8,1.C.38,1.C.38,1.0,1197,False
P07845,1.C.38,1.C.38,1.0,1198,False
P0DQV7,1.C.38,1.C.38,1.0,1199,False
P11597,1.C.40,1.C.40,1.0,1207,False
B5ABT1,1.C.40,1.B.5,0.6,1208,False
B2LWZ1,1.C.42,1.B.5,0.6,1213,False
O06498,1.C.42,1.C.42,0.8,1214,False
P08943,1.C.44,1.B.5,0.6,1216,False
P01160,1.C.46,1.C.46,0.6,1221,False
Q9NJC6,1.C.47,1.C.47,1.0,1235,False
H2CYQ1,1.C.47,1.C.47,1.0,1236,False
F6LCB3,1.C.47,1.C.47,1.0,1237,False
Q07A30,1.C.47,1.C.47,1.0,1238,False
Q9UKY0,1.C.48,1.B.5,0.4,1242,False
P06881,1.C.49,1.B.5,0.6,1244,False
R7ZEE7,1.C.5,1.C.5,1.0,1250,False
Q45728,1.C.5,1.C.5,1.0,1251,False
T2MFP9,1.C.50,1.B.5,0.4,1255,False
Q07932,1.C.51,1.B.5,0.6,1256,False
P69178,1.C.54,1.B.5,0.6,1257,False
P0A3W8,1.C.55,1.B.5,0.6,1258,False
F2JTE2,1.C.56,1.B.5,0.4,1262,False
WP_089964624,1.C.61,1.C.61,0.6,1266,False
L0CMD2,1.C.62,1.B.5,0.4,1270,False
XP_015918646,1.C.63,1.B.5,0.4,1273,False
Q6BF25,1.C.64,1.C.64,1.0,1285,False
MBA8650993,1.C.64,1.C.64,1.0,1286,False
WP_141754689,1.C.64,1.C.64,1.0,1287,False
Q9L6W3,1.C.65,1.C.65,0.8,1292,False
P33432,1.C.66,1.B.5,0.6,1293,False
C4M9N5,1.C.67,1.B.5,0.6,1295,False
P83250,1.C.68,1.B.5,0.6,1297,False
KID84774,1.C.7,1.B.5,0.4,1301,False
WP_062552397,1.C.70,1.C.70,0.6,1306,False
T1WIB6,1.C.71,1.C.71,1.0,1313,False
S8E3M3,1.C.71,1.C.71,1.0,1314,False
P01382,1.C.74,1.C.74,0.6,1321,False
Q8QGR0,1.C.74,1.C.74,0.8,1322,False
B1Z6U1,1.C.75,1.C.75,0.6,1329,False
AKC96038,1.C.75,1.C.75,1.0,1330,False
O76070,1.C.77,1.B.5,0.4,1333,False
A7IZR5,1.C.78,1.C.5,0.6,1337,False
P46081,1.C.8,1.C.8,0.6,1341,False
B7LAC5,1.C.80,1.B.5,0.4,1345,False
Q9Y287,1.C.81,1.C.81,1.0,1355,False
O43736,1.C.81,1.C.81,1.0,1356,False
Q9NQX7,1.C.81,1.C.81,1.0,1357,False
WP_078474522,1.C.82,1.B.5,0.6,1359,False
Q9ZGP5,1.C.83,1.B.5,0.6,1361,False
F9P995,1.C.84,1.B.5,0.6,1363,False
Q13519,1.C.89,1.B.5,0.4,1366,False
WP_013023010,1.C.9,1.B.5,0.4,1369,False
C9BRP5,1.C.90,1.C.90,1.0,1377,False
A5MY21,1.C.90,1.C.90,1.0,1378,False
P04080,1.C.91,1.B.5,0.6,1379,False
Q15818,1.C.92,1.B.5,0.4,1382,False
A4UVR2,1.C.93,1.B.5,0.6,1383,False
WP_084614884,1.C.95,1.C.95,1.0,1394,False
WP_006059095,1.C.95,1.C.95,1.0,1395,False
WP_018802519,1.C.95,1.C.95,1.0,1396,False
YP_009724395,1.C.99,1.C.99,1.0,1403,False
QCX35176,1.C.99,1.C.99,1.0,1404,False
XP_004616922,1.D.118,1.B.5,0.4,1407,False
XP_045930465,1.D.194,1.D.194,0.6,1411,False
NIM52277,1.D.24,1.D.24,1.0,1418,False
KUH88733,1.D.24,1.D.24,1.0,1419,False
TKY80222,1.E.1,1.E.1,1.0,1427,False
ECY3018204,1.E.1,1.E.1,1.0,1428,False
Q37895,1.E.10,1.E.10,0.6,1432,False
P94515,1.E.14,1.B.5,0.6,1449,False
C9RFW8,1.E.14,1.E.14,1.0,1450,False
C9RG44,1.E.14,1.E.14,1.0,1451,False
D3S646,1.E.14,1.E.14,1.0,1452,False
F9LWA6,1.E.16,1.E.10,0.6,1456,False
I0FEC7,1.E.17,1.E.17,1.0,1463,False
WP_080684304,1.E.17,1.E.17,1.0,1464,False
M9MU75,1.E.18,1.E.18,1.0,1474,False
ERG63474,1.E.18,1.E.18,1.0,1475,False
WP_298535700,1.E.18,1.E.18,1.0,1476,False
PIN93264,1.E.20,1.E.20,0.8,1481,False
EJG08371,1.E.20,1.E.20,0.8,1482,False
Q37975,1.E.21,1.E.21,0.6,1487,False
B1S807,1.E.21,1.E.21,0.6,1488,False
I0JPG6,1.E.23,1.E.23,1.0,1494,False
WP_068445074,1.E.23,1.E.23,1.0,1495,False
E7MNX8,1.E.24,1.E.24,1.0,1501,False
G1WGA3,1.E.24,1.E.24,1.0,1502,False
WP_087770102,1.E.25,1.E.25,1.0,1513,False
RYC38893,1.E.25,1.E.25,1.0,1514,False
ALA46464,1.E.25,1.E.25,1.0,1515,False
C3GBU6,1.E.27,1.E.27,1.0,1522,False
CRG98304,1.E.27,1.E.27,1.0,1523,False
F7TY91,1.E.29,1.E.29,1.0,1536,False
WP_076238539,1.E.29,1.E.29,1.0,1537,False
WP_116059751,1.E.29,1.E.29,1.0,1538,False
D5CT34,1.E.33,1.E.33,1.0,1544,False
G4FVE2,1.E.33,1.E.33,1.0,1545,False
R4JJW4,1.E.4,1.B.5,0.4,1549,False
ESK64892,1.E.42,1.E.42,1.0,1555,False
QDX55601,1.E.42,1.E.42,1.0,1556,False
WP_081276159,1.E.44,1.B.5,0.4,1559,False
W7Wfe7,1.E.50,1.B.5,0.4,1562,False
B3R344,1.E.52,1.B.5,0.4,1567,False
B8JFG0,1.E.52,1.B.5,0.4,1568,False
E7J6N6,1.E.53,1.E.53,1.0,1578,False
P13970,1.E.53,1.E.53,1.0,1579,False
E9U5S4,1.E.53,1.E.53,1.0,1580,False
M4K1R4,1.E.56,1.E.56,1.0,1590,False
B0VUM9,1.E.56,1.E.56,1.0,1591,False
K4PA82,1.E.56,1.E.56,1.0,1592,False
A9C1R0,1.E.6,1.E.6,1.0,1607,False
H1RRJ5,1.E.6,1.E.6,1.0,1608,False
C1D8E7,1.E.6,1.E.6,1.0,1609,False
WLJ89320,1.E.6,1.E.6,1.0,1610,False
WP_080520514,1.E.61,1.B.5,0.6,1612,False
WP_006300053,1.E.62,1.E.62,1.0,1619,False
WP_072024012,1.E.62,1.E.62,1.0,1620,False
WP_033100758,1.E.65,1.E.65,0.8,1626,False
WP_221178964,1.E.65,1.E.65,0.8,1627,False
WP_184711133,1.E.7,1.E.7,1.0,1636,False
WP_097540830,1.E.7,1.E.7,1.0,1637,False
WP_055414402,1.E.7,1.E.7,1.0,1638,False
MDI6753459,1.E.71,1.E.71,0.6,1643,False
K7NTM2,1.E.8,1.E.8,0.8,1648,False
AZU98589,1.E.8,1.E.8,0.8,1649,False
C1A5F4,1.E.9,1.E.9,1.0,1659,False
Q8KCM5,1.E.9,1.E.9,1.0,1660,False
B3QMN8,1.E.9,1.E.9,1.0,1661,False
AMQ26458,1.G.1,1.G.1,1.0,1667,False
AFV53227,1.G.1,1.G.1,1.0,1668,False
Q1PDC7,1.G.12,1.G.12,0.6,1673,False
AVM87398,1.G.14,1.B.5,0.4,1676,False
P28977,1.G.15,1.G.15,0.6,1680,False
P04578,1.G.16,1.B.5,0.4,1683,False
YP_009724390,1.G.18,1.G.18,0.6,1689,False
YP_007188579,1.G.18,1.G.18,0.6,1690,False
Q9IH63,1.G.2,1.G.2,1.0,1699,False
WP_150375648,1.G.2,1.G.2,1.0,1700,False
J3S7E1,1.G.20,1.G.20,0.8,1706,False
B8PWH4,1.G.20,1.G.20,0.8,1707,False
O36400,1.G.21,1.B.5,0.4,1710,False
AFJ15605,1.G.4,1.G.4,0.8,1715,False
G0LWX4,1.G.4,1.B.5,0.6,1716,False
U5YDR4,1.G.5,1.G.5,0.6,1720,False
A7XED7,1.G.6,1.B.5,0.6,1721,False
YP_002929490,1.G.8,1.G.8,0.6,1726,False
Q7ZFT7,1.G.9,1.G.9,1.0,1734,False
M4HM10,1.G.9,1.G.9,1.0,1735,False
YP_010771824,1.J.1,1.J.1,0.6,1740,False
Q2LM93,1.K.3,1.B.5,0.6,1743,False
U3IYW3,1.L.1,1.B.5,0.4,1746,False
WP_250671306,1.M.7,1.M.7,0.6,1751,False
WP_200664041,1.M.7,1.M.7,0.6,1752,False
A4GRC6,1.N.3,1.N.3,1.0,1758,False
Q4YCF6,1.N.3,1.N.3,1.0,1759,False
E5S3P2,1.N.4,1.N.4,0.8,1764,False
Q99287,1.N.5,1.N.5,0.8,1770,False
Q6DD88,1.N.5,1.N.5,1.0,1771,False
O00291,1.N.7,1.B.5,0.6,1772,False
A1Z713,1.R.2,1.R.2,0.6,1777,False
Q96RL7,1.R.2,1.R.2,0.6,1778,False
WP_094276346,1.S.1,1.S.1,1.0,1788,False
6NER_A,1.S.1,1.S.1,1.0,1789,False
MBT6724251,1.S.1,1.S.1,1.0,1790,False
Q8U2E0,1.S.11,1.B.5,0.4,1793,False
AAD39019,1.S.2,1.B.5,0.6,1798,False
GCA95139,1.S.3,1.B.5,0.4,1801,False
4OLP_A,1.S.4,1.B.5,0.6,1802,False
P41792,1.S.5,1.B.5,0.6,1804,False
D0LZ73,1.S.7,1.B.5,0.4,1808,False
V5SGX5,1.S.8,1.B.5,0.4,1811,False
WP_039622912,1.W.1,1.W.1,1.0,1819,False
WP_073187488,1.W.1,1.W.1,1.0,1820,False
AUR96941,1.W.10,1.W.10,1.0,1829,False
MBO00979,1.W.10,1.W.10,1.0,1830,False
AXP07702,1.W.10,1.W.10,1.0,1831,False
RLE91336,1.W.3,1.W.3,1.0,1844,False
RLG54911,1.W.3,1.W.3,1.0,1845,False
WP_155320278,1.W.3,1.B.5,0.4,1846,False
WP_140461085,1.W.4,1.W.4,0.6,1851,False
Q76RH0,1.W.4,1.W.4,0.6,1852,False
MAG24778,1.W.5,1.W.5,1.0,1860,False
WP_077072253,1.W.5,1.B.5,0.6,1861,False
RLG01344,1.W.8,1.W.8,1.0,1869,False
TXH14527,1.W.8,1.W.8,1.0,1870,False
RLD10056,1.W.9,1.W.9,1.0,1887,False
HBY62778,1.W.9,1.W.9,1.0,1888,False
AXH46464,1.W.9,1.W.9,1.0,1889,False
HAM56808,1.W.9,1.W.9,1.0,1890,False
F5X5Y2,2.A.10,2.A.10,0.6,1895,False
S4H275,2.A.10,2.A.10,0.6,1896,False
Q6MLJ0,2.A.100,2.A.100,1.0,1904,False
XP_012758493,2.A.100,2.A.100,1.0,1905,False
C6B3K0,2.A.101,1.B.5,0.6,1907,False
WP_076734059,2.A.103,1.B.5,0.6,1917,False
WP_082139284,2.A.103,2.A.103,1.0,1918,False
WP_071389592,2.A.103,2.A.103,1.0,1919,False
KKP64473,2.A.104,2.A.104,0.6,1924,False
E4RIT5,2.A.107,2.A.107,0.8,1930,False
L8Q2C2,2.A.107,2.A.107,0.6,1931,False
L5DDD7,2.A.109,2.A.109,1.0,1941,False
C9RH03,2.A.109,2.A.109,1.0,1942,False
L7KNF9,2.A.109,2.A.109,1.0,1943,False
U2LY02,2.A.11,2.A.11,1.0,1951,False
D7AXM6,2.A.11,2.A.11,1.0,1952,False
Q821X2,2.A.111,2.A.111,0.6,1957,False
J7LI01,2.A.116,2.A.116,1.0,1968,False
B7HXY3,2.A.116,2.A.116,1.0,1969,False
B8I848,2.A.116,2.A.116,1.0,1970,False
Q3J286,2.A.117,2.A.117,1.0,1984,False
MBA4130033,2.A.117,2.A.117,1.0,1985,False
MBK8180943,2.A.117,2.A.117,1.0,1986,False
WP_203595623,2.A.117,2.A.117,1.0,1987,False
Q38YQ0,2.A.118,2.A.118,1.0,1994,False
P39263,2.A.118,2.A.118,1.0,1995,False
WP_057569963,2.A.119,2.A.119,1.0,2011,False
WP_062660767,2.A.119,2.A.119,1.0,2012,False
WP_092498738,2.A.119,2.A.119,1.0,2013,False
OIO63212,2.A.119,2.A.119,1.0,2014,False
J6H8T7,2.A.120,2.A.120,1.0,2026,False
A8MA30,2.A.120,2.A.120,1.0,2027,False
ARG45194,2.A.120,2.A.120,1.0,2028,False
B8CB30,2.A.122,2.A.122,1.0,2041,False
B5YN56,2.A.122,1.B.5,0.6,2042,False
KKP01475,2.A.122,2.A.122,1.0,2043,False
C3MTK1,2.A.124,2.A.124,0.8,2050,False
X2JQJ2,2.A.124,2.A.124,0.8,2051,False
D2VY17,2.A.125,2.A.125,0.8,2056,False
OLS23552,2.A.129,2.A.129,1.0,2069,False
WP_111865303,2.A.129,2.A.129,1.0,2070,False
WP_086951747,2.A.129,2.A.129,1.0,2071,False
Q0PAK3,2.A.13,1.B.5,0.6,2077,False
K0P0B6,2.A.13,2.A.13,0.8,2078,False
RKY32654,2.A.131,2.A.131,0.8,2084,False
RZN41577,2.A.131,2.A.131,0.8,2085,False
Q8EH59,2.A.133,2.A.133,1.0,2099,False
WP_082814648,2.A.133,2.A.133,1.0,2100,False
KIC10202,2.A.133,2.A.133,1.0,2101,False
WP_022597737,2.A.133,2.A.133,1.0,2102,False
Q57251,2.A.14,1.B.5,0.6,2107,False
AOY58527,2.A.14,2.A.14,0.6,2108,False
AJH13638,2.A.15,2.A.15,1.0,2122,False
P31553,2.A.15,1.B.5,0.6,2123,False
B4EY22,2.A.15,1.B.5,0.6,2124,False
B7L6S9,2.A.15,2.A.15,1.0,2125,False
Q9FLV9,2.A.16,1.B.5,0.6,2141,False
Q9A061,2.A.16,2.A.16,1.0,2142,False
C4IKV8,2.A.16,1.B.5,0.6,2143,False
WP_057757662,2.A.16,1.B.5,0.6,2144,False
P21608,2.A.24,1.B.5,0.6,2152,False
Q48769,2.A.24,1.B.5,0.6,2153,False
W0WFC6,2.A.25,2.A.25,0.8,2162,False
P30143,2.A.25,2.A.25,0.8,2163,False
F2HK99,2.A.26,2.A.26,1.0,2172,False
P0AD99,2.A.26,1.B.5,0.6,2173,False
B1XKD9,2.A.27,2.A.27,0.8,2179,False
M1QJN9,2.A.27,2.A.27,0.8,2180,False
Q9S1X8,2.A.33,2.A.33,0.8,2186,False
XP_003075324,2.A.33,2.A.33,0.8,2187,False
Q9I2S5,2.A.34,1.B.5,0.4,2190,False
Q8EI43,2.A.35,2.A.35,1.0,2201,False
Q0PHV8,2.A.35,2.A.35,1.0,2202,False
Q838P8,2.A.35,2.A.35,1.0,2203,False
P33021,2.A.41,2.A.41,1.0,2216,False
Q9KPL5,2.A.41,2.A.41,1.0,2217,False
A1Z7N3,2.A.41,2.A.41,1.0,2218,False
O00337,2.A.41,2.A.41,1.0,2219,False
P37660,2.A.42,2.A.42,1.0,2230,False
P42628,2.A.42,2.A.42,1.0,2231,False
P63340,2.A.42,2.A.42,1.0,2232,False
UYL04267,2.A.45,2.A.45,1.0,2242,False
Q819S9,2.A.45,2.A.45,1.0,2243,False
A1SPN6,2.A.45,2.A.45,1.0,2244,False
P76103,2.A.46,2.A.46,1.0,2253,False
Q88I34,2.A.46,1.B.5,0.6,2254,False
7TAK_A,2.A.46,2.A.46,1.0,2255,False
A8BIM9,2.A.48,2.A.48,1.0,2261,False
O45166,2.A.48,2.A.48,0.8,2262,False
C1D347,2.A.52,2.A.52,1.0,2275,False
C7PI41,2.A.52,1.B.5,0.6,2276,False
Q7NN80,2.A.52,1.B.5,0.6,2277,False
A8LPG6,2.A.58,2.A.58,1.0,2290,False
P54463,2.A.58,1.B.5,0.6,2291,False
Q0W3W9,2.A.58,2.A.58,1.0,2292,False
RLG13389,2.A.58,2.A.58,1.0,2293,False
G2HQN2,2.A.61,1.B.5,0.6,2300,False
C0QDE6,2.A.61,2.A.61,0.6,2301,False
A5F120,2.A.62,2.A.62,0.8,2307,False
WP_020086767,2.A.62,2.A.62,0.8,2308,False
Q183S2,2.A.68,1.B.5,0.4,2313,False
W2qlk8,2.A.71,1.B.5,0.4,2324,False
Q9XIQ7,2.A.71,2.A.71,1.0,2325,False
Q8IBB7,2.A.71,1.B.5,0.4,2326,False
Q9M7K4,2.A.72,2.A.72,1.0,2340,False
Q9FE38,2.A.72,1.B.5,0.6,2341,False
Q19A13,2.A.72,1.B.5,0.6,2342,False
O49423,2.A.72,1.B.5,0.6,2343,False
F8D4C5,2.A.73,1.B.5,0.4,2346,False
C3XY94,2.A.74,2.A.74,1.0,2359,False
C3XY89,2.A.74,2.A.74,1.0,2360,False
C3XYE5,2.A.74,2.A.74,1.0,2361,False
E2B9N7,2.A.74,2.A.74,1.0,2362,False
B5U2Z3,2.A.75,1.B.5,0.4,2366,False
Q8GMZ9,2.A.76,2.A.76,1.0,2380,False
Q6TNA0,2.A.76,2.A.76,1.0,2381,False
V9RYY0,2.A.76,2.A.76,1.0,2382,False
A3U6A7,2.A.76,1.B.5,0.6,2383,False
Q3IPU1,2.A.77,1.B.5,0.4,2388,False
Q8RFA1,2.A.8,2.A.8,0.8,2401,False
Q81E21,2.A.8,2.A.8,0.8,2402,False
H7C6B2,2.A.8,2.A.8,1.0,2403,False
O52005,2.A.81,2.A.81,1.0,2410,False
A6LP55,2.A.81,2.A.81,1.0,2411,False
A9DHE6,2.A.83,1.B.5,0.6,2413,False
WP_147663164,2.A.87,2.A.87,1.0,2426,False
TET29359,2.A.87,2.A.87,1.0,2427,False
AFN04413,2.A.87,2.A.87,1.0,2428,False
Q54IJ2,2.A.92,2.A.92,1.0,2437,False
Q94AN2,2.A.92,2.A.92,1.0,2438,False
Q9UBH6,2.A.94,2.A.94,0.8,2444,False
P16151,2.A.94,2.A.94,0.6,2445,False
P25743,2.A.95,1.B.5,0.6,2452,False
B8HLY6,2.A.95,2.A.95,0.6,2453,False
NLT21186,2.A.96,1.B.5,0.6,2467,False
Q460G9,2.A.96,2.A.96,1.0,2468,False
GAW00410,2.A.96,2.A.96,1.0,2469,False
KXS96282,2.A.96,2.A.96,1.0,2470,False
Q6P1Q0,2.A.97,2.A.97,1.0,2477,False
Q8I1R5,2.A.97,2.A.97,1.0,2478,False
WP_162301253,2.A.99,2.A.99,0.8,2485,False
WP_149777770,2.A.99,2.A.99,0.8,2486,False
Q9UP52,2.B.93,1.B.5,0.4,2488,False
A0BM91,2.D.1,2.D.1,1.0,2496,False
Q9VC05,2.D.1,2.D.1,1.0,2497,False
O70031,3.A.12,3.A.12,1.0,2504,False
Q3LAJ2,3.A.12,3.A.12,1.0,2505,False
YP_008130281,3.A.13,1.B.5,0.4,2508,False
Q9Y276,3.A.28,3.A.28,0.8,2513,False
KOO28456,3.E.3,3.E.3,1.0,2522,False
WP_055898914,3.E.3,3.E.3,1.0,2523,False
P50416,4.C.2,1.B.5,0.4,2526,False
S7VV85,4.E.1,4.E.1,0.8,2531,False
Q5CWX6,4.E.1,4.E.1,0.6,2532,False
E8V3S2,4.F.1,4.F.1,1.0,2545,False
D6I8Y6,4.F.1,4.F.1,1.0,2546,False
D8J2B2,4.F.1,4.F.1,1.0,2547,False
OIO15329,4.F.1,4.F.1,1.0,2548,False
WP_046728225,4.H.1,4.H.1,1.0,2558,False
WP_083289127,4.H.1,4.H.1,1.0,2559,False
VDG77260,4.H.1,4.H.1,1.0,2560,False
Q9KV73,5.B.10,1.B.5,0.6,2561,False
RWX50390,5.B.15,1.B.5,0.6,2562,False
G9NAJ2,5.B.2,5.B.2,1.0,2578,False
EQK99033,5.B.2,5.B.2,1.0,2579,False
Q7SC62,5.B.2,5.B.2,1.0,2580,False
KHN35905,5.B.2,5.B.2,1.0,2581,False
PIY59600,5.B.6,5.B.6,0.6,2586,False
D7C9K8,5.B.7,5.B.7,0.6,2590,False
P0AE06,8.A.1,1.B.5,0.6,2607,False
P76397,8.A.1,8.A.1,1.0,2608,False
P37636,8.A.1,8.A.1,1.0,2609,False
Q7UZ72,8.A.1,8.A.1,1.0,2610,False
P46482,8.A.1,8.A.1,0.6,2611,False
Q9Y6H6,8.A.10,8.A.10,1.0,2617,False
Q9WTW3,8.A.10,8.A.10,0.8,2618,False
XP_020894714,8.A.101,8.A.101,0.6,2622,False
U6GPW6,8.A.102,8.A.102,1.0,2635,False
XP_004833479,8.A.102,8.A.102,1.0,2636,False
CUV07185,8.A.102,8.A.102,1.0,2637,False
PJF17748,8.A.103,8.A.103,1.0,2649,False
XP_010699644,8.A.103,8.A.103,1.0,2650,False
Q22DV9,8.A.103,8.A.103,1.0,2651,False
P53355,8.A.104,1.B.5,0.6,2664,False
Q9BXM7,8.A.104,1.B.5,0.6,2665,False
NP_001257414,8.A.104,1.B.5,0.6,2666,False
Q6MZM0,8.A.105,1.B.5,0.6,2669,False
Q9H902,8.A.108,8.A.108,1.0,2677,False
Q96HR9,8.A.108,8.A.108,1.0,2678,False
WP_130079951,8.A.11,1.B.5,0.4,2681,False
CBJ48530,8.A.111,8.A.111,1.0,2689,False
XP_022310796,8.A.111,8.A.111,0.8,2690,False
Q8N682,8.A.113,8.A.113,1.0,2698,False
Q6UX65,8.A.113,8.A.113,1.0,2699,False
KAF6005406,8.A.115,8.A.115,1.0,2716,False
XP_001748139,8.A.115,8.A.115,1.0,2717,False
TPX40645,8.A.115,8.A.115,1.0,2718,False
WBW72430,8.A.115,8.A.115,1.0,2719,False
Q9VIM4,8.A.116,8.A.116,0.6,2723,False
Q9XTG1,8.A.117,8.A.117,0.6,2728,False
Q9NZ94,8.A.117,8.A.117,0.8,2729,False
GAV02799,8.A.118,8.A.118,1.0,2738,False
XP_019853507,8.A.118,8.A.118,1.0,2739,False
P37249,8.A.12,1.B.5,0.6,2741,False
Q9W145,8.A.120,1.B.5,0.6,2749,False
Q96DR4,8.A.120,1.B.5,0.6,2750,False
Q20687,8.A.121,8.A.121,0.6,2755,False
XP_010568056,8.A.122,8.A.122,0.8,2760,False
XP_022318076,8.A.122,8.A.122,0.8,2761,False
Q9NQ34,8.A.123,8.A.123,1.0,2768,False
WP_031585819,8.A.123,8.A.123,1.0,2769,False
P57088,8.A.124,1.B.5,0.6,2772,False
Q96KA5,8.A.125,8.A.125,0.6,2777,False
XP_027796271,8.A.126,1.B.5,0.4,2780,False
XP_002606196,8.A.127,8.A.127,1.0,2787,False
XP_030900971,8.A.127,8.A.127,1.0,2788,False
XP_013349430,8.A.129,8.A.129,0.8,2794,False
GBG75892,8.A.129,8.A.129,0.8,2795,False
O42668,8.A.13,1.B.5,0.6,2796,False
P83748,8.A.131,8.A.131,1.0,2809,False
P00738,8.A.131,8.A.131,1.0,2810,False
B0FXM1,8.A.131,8.A.131,1.0,2811,False
Q9BUZ4,8.A.133,1.B.5,0.4,2822,False
WGW18136,8.A.133,1.B.5,0.6,2823,False
Q9C039,8.A.133,1.B.5,0.6,2824,False
ORZ11951,8.A.134,8.A.134,0.6,2829,False
PSN51050,8.A.135,8.A.135,1.0,2836,False
MPD02914,8.A.135,8.A.135,1.0,2837,False
Q96B67,8.A.136,8.A.136,1.0,2848,False
Q9H3M7,8.A.136,8.A.136,1.0,2849,False
Q20232,8.A.136,8.A.136,1.0,2850,False
SMO36342,8.A.139,8.A.139,0.6,2854,False
Q9NPA1,8.A.14,8.A.14,0.6,2858,False
XP_027225662,8.A.140,8.A.140,0.6,2863,False
KAF5277533,8.A.140,1.B.5,0.4,2864,False
R1ELF4,8.A.141,8.A.141,0.8,2869,False
Q6IEE7,8.A.143,8.A.143,0.6,2874,False
WP_144051564,8.A.144,8.A.144,0.8,2879,False
KAF2077471,8.A.145,8.A.145,0.8,2884,False
P30041,8.A.147,1.B.5,0.4,2887,False
B8B381,8.A.15,1.B.5,0.6,2891,False
WP_008488490,8.A.150,8.A.150,0.6,2895,False
O43865,8.A.151,1.B.5,0.6,2896,False
WP_181340520,8.A.153,8.A.153,0.8,2901,False
MBC7395593,8.A.153,8.A.153,0.8,2902,False
XP_034038246,8.A.154,8.A.154,0.4,2907,False
WP_082825104,8.A.155,8.A.155,0.8,2912,False
KAF5827728,8.A.155,8.A.155,0.8,2913,False
XP_018009461,8.A.157,8.A.157,0.6,2918,False
XP_032802017,8.A.159,1.B.5,0.6,2929,False
XP_006478623,8.A.159,8.A.159,0.8,2930,False
PWZ10394,8.A.159,8.A.159,0.6,2931,False
Q96GS6,8.A.161,1.B.5,0.6,2932,False
Q16790,8.A.164,1.B.5,0.6,2933,False
VDL89025,8.A.166,8.A.166,1.0,2943,False
CAF2143533,8.A.166,8.A.166,1.0,2944,False
XP_028411903,8.A.166,8.A.166,1.0,2945,False
XP_011530207,8.A.168,1.B.5,0.4,2949,False
GAW06118,8.A.169,8.A.169,1.0,2958,False
SSD60863,8.A.169,8.A.169,1.0,2959,False
XP_001229202,8.A.169,8.A.169,1.0,2960,False
XP_027863911,8.A.17,1.B.5,0.4,2972,False
AAO89003,8.A.17,8.A.17,1.0,2973,False
Q15116,8.A.17,8.A.17,1.0,2974,False
Q9NXB0,8.A.170,1.B.5,0.6,2975,False
CAF0816190,8.A.171,8.A.171,0.6,2979,False
RLG19162,8.A.172,1.B.5,0.6,2988,False
HHM12341,8.A.172,1.B.5,0.6,2989,False
WP_165159837,8.A.172,8.A.172,0.8,2990,False
Q9H4B7,8.A.173,1.B.5,0.6,2992,False
HFO91905,8.A.174,8.A.174,0.8,2997,False
MBT5252923,8.A.174,8.A.174,0.8,2998,False
KAG2726972,8.A.175,8.A.175,1.0,3004,False
XP_020163427,8.A.175,8.A.175,1.0,3005,False
WP_054576892,8.A.176,1.B.5,0.6,3009,False
UQL51144,8.A.177,8.A.177,1.0,3017,False
P50591,8.A.177,8.A.177,1.0,3018,False
KAG6546873,8.A.178,8.A.178,1.0,3025,False
XP_013762242,8.A.178,1.C.132,1.0,3026,False
Q8IZS8,8.A.18,8.A.18,0.6,3031,False
Q7Z3S7,8.A.18,8.A.18,0.6,3032,False
WP_165133333,8.A.180,1.B.5,0.6,3035,False
VZI44309,8.A.181,1.B.5,0.4,3039,False
KAH8130706,8.A.182,1.B.5,0.4,3042,False
PSC71052,8.A.183,8.A.183,0.6,3047,False
ETW46879,8.A.183,8.A.183,0.6,3048,False
XP_020432384,8.A.185,8.A.185,1.0,3054,False
L0R6Q1,8.A.185,8.A.185,1.0,3055,False
O00592,8.A.187,1.B.5,0.6,3056,False
XP_001748040,8.A.188,8.A.188,1.0,3065,False
OMJ82451,8.A.188,8.A.188,1.0,3066,False
KJE94133,8.A.189,1.B.5,0.6,3071,False
Q4V5U6,8.A.19,8.A.19,0.6,3076,False
QID84842,8.A.190,1.B.5,0.4,3080,False
RMZ54818,8.A.191,8.A.191,1.0,3088,False
PXF60217,8.A.191,8.A.191,1.0,3089,False
NP_001286236,8.A.192,8.A.192,1.0,3098,False
F4IVL6,8.A.192,8.A.192,1.0,3099,False
KAG8010605,8.A.193,1.B.5,0.4,3103,False
XP_029997346,8.A.194,1.B.5,0.6,3110,False
KAG2487039,8.A.194,1.B.5,0.4,3111,False
XP_031756194,8.A.196,8.A.17,0.8,3116,False
CDW53771,8.A.197,1.B.5,0.4,3120,False
P0AA95,8.A.2,1.B.5,0.4,3123,False
E1ZNI7,8.A.20,8.A.20,0.8,3129,False
XP_005646384,8.A.20,8.A.20,0.8,3130,False
WP_075967942,8.A.201,8.A.201,1.0,3139,False
MBS4889330,8.A.201,8.A.201,1.0,3140,False
TWW75268,8.A.202,8.A.202,0.8,3145,False
Q6PD74,8.A.203,1.B.5,0.6,3146,False
NP_001336488,8.A.204,8.A.204,1.0,3152,False
P32926,8.A.204,8.A.204,1.0,3153,False
OLP90965,8.A.205,8.A.205,0.8,3159,False
SCM17177,8.A.205,8.A.205,0.6,3160,False
XP_045182095,8.A.206,1.B.5,0.4,3164,False
XP_033734125,8.A.208,8.A.208,0.8,3172,False
XP_048394075,8.A.208,8.A.208,1.0,3173,False
Q9VKM7,8.A.209,1.B.5,0.6,3175,False
RHY26985,8.A.210,1.B.5,0.6,3179,False
XP_031323901,8.A.211,1.B.5,0.4,3182,False
WP_196367168,8.A.212,8.A.212,0.6,3186,False
MAH74360,8.A.213,1.B.5,0.4,3191,False
MBL4747290,8.A.213,1.B.5,0.4,3192,False
XP_028399918,8.A.214,8.A.214,0.6,3197,False
XP_035489110,8.A.215,1.B.5,0.4,3200,False
KAJ3260049,8.A.216,8.A.216,0.8,3205,False
P38736,8.A.216,8.A.216,0.8,3206,False
O00305,8.A.22,1.B.5,0.4,3210,False
EKF99199,8.A.221,8.A.221,1.0,3218,False
TFJ87285,8.A.221,8.A.221,1.0,3219,False
P42858,8.A.222,1.B.5,0.6,3220,False
AAG25642,8.A.223,8.A.223,0.4,3224,False
KAG7342390,8.A.225,8.A.225,0.6,3228,False
KAI6194636,8.A.226,8.A.226,0.6,3233,False
NP_651733,8.A.226,8.A.226,0.8,3234,False
GFO46191,8.A.227,8.A.227,1.0,3241,False
KAI8730524,8.A.227,8.A.227,1.0,3242,False
WP_076222359,8.A.228,1.B.5,0.6,3244,False
RAS33480,8.A.229,1.B.5,0.6,3246,False
KAF0027435,8.A.230,1.B.5,0.4,3251,False
XP_017548242,8.A.237,1.B.5,0.4,3254,False
Q9UBP9,8.A.238,8.A.238,0.4,3257,False
H3CPN3,8.A.239,1.B.5,0.6,3259,False
G3VXE4,8.A.240,1.B.5,0.6,3261,False
Q9Y4G6,8.A.25,8.A.25,0.8,3268,False
Q9BQL6,8.A.25,8.A.25,1.0,3269,False
ANK58183,8.A.26,8.A.26,0.8,3275,False
P56539,8.A.26,8.A.26,1.0,3276,False
H2L0H3,8.A.27,8.A.27,1.0,3284,False
CZT62675,8.A.27,8.A.27,1.0,3285,False
Q9Z2Y3,8.A.29,1.B.5,0.6,3286,False
Q09098,8.A.31,8.A.31,0.6,3290,False
Q8I6Z5,8.A.32,1.B.5,0.4,3295,False
AGZ86590,8.A.33,1.B.5,0.6,3300,False
CCE37669,8.A.35,8.A.35,0.8,3305,False
POE55702,8.A.37,8.A.37,0.8,3310,False
P91193,8.A.38,1.B.5,0.6,3312,False
XP_012918761,8.A.39,1.B.5,0.6,3315,False
P43111,8.A.4,1.B.5,0.6,3318,False
Q10063,8.A.41,8.A.41,1.0,3325,False
B9WHV4,8.A.41,8.A.41,1.0,3326,False
R4G5U4,8.A.42,8.A.42,0.6,3331,False
R5LHN3,8.A.42,8.A.42,0.6,3332,False
E9AL21,8.A.44,1.B.5,0.4,3337,False
A8JGI1,8.A.44,1.B.5,0.4,3338,False
A9UTZ4,8.A.45,8.A.45,1.0,3345,False
F2U0C1,8.A.45,8.A.45,1.0,3346,False
G8TGS7,8.A.46,8.A.46,1.0,3358,False
D1JJ68,8.A.46,8.A.46,1.0,3359,False
BAE20200,8.A.46,8.A.46,1.0,3360,False
I9WSV7,8.A.48,8.A.48,0.8,3367,False
MBV8416225,8.A.48,8.A.48,0.8,3368,False
AKM80894,8.A.49,1.B.5,0.4,3371,False
P77735,8.A.5,1.B.5,0.6,3377,False
P76187,8.A.5,1.B.5,0.6,3378,False
P0AAW9,8.A.50,1.B.5,0.6,3379,False
P27487,8.A.51,8.A.51,0.6,3384,False
Q12884,8.A.51,8.A.51,0.6,3385,False
Q7XZ04,8.A.52,8.A.52,0.8,3391,False
O60260,8.A.52,1.B.5,0.6,3392,False
V8NZN5,8.A.53,1.B.5,0.6,3395,False
Q1ZYL8,8.A.55,8.A.55,0.6,3400,False
KAG7176625,8.A.57,8.A.57,0.8,3405,False
XP_023218887,8.A.57,8.A.57,0.8,3406,False
T1FSM0,8.A.58,8.A.58,1.0,3422,False
D5T4Y6,8.A.58,8.A.58,1.0,3423,False
Q9H7V2,8.A.58,8.A.58,1.0,3424,False
O35449,8.A.58,8.A.58,1.0,3425,False
OLS30636,8.A.59,1.B.5,0.6,3428,False
F7FKR6,8.A.60,1.B.5,0.6,3431,False
Q9C7D7,8.A.61,8.A.61,1.0,3440,False
Q8TBE1,8.A.61,8.A.61,1.0,3441,False
L7ILZ6,8.A.61,8.A.61,1.0,3442,False
W6UD82,8.A.62,8.A.62,0.6,3446,False
O02109,8.A.63,8.A.63,0.6,3451,False
E6TG36,8.A.63,8.A.63,0.6,3452,False
Q4UF74,8.A.65,8.A.65,1.0,3458,False
V7PSH7,8.A.65,8.A.65,1.0,3459,False
Q9UPN3,8.A.66,1.B.5,0.4,3466,False
Q01082,8.A.66,1.B.5,0.4,3467,False
Q99220,8.A.67,8.A.67,0.6,3472,False
NP_001122097,8.A.68,8.A.68,1.0,3486,False
KAF7834676,8.A.68,8.A.68,1.0,3487,False
XP_020044853,8.A.68,8.A.68,1.0,3488,False
XP_022972624,8.A.68,8.A.68,1.0,3489,False
V9L7R9,8.A.69,1.B.5,0.4,3492,False
H1XXY9,8.A.7,8.A.7,0.8,3497,False
A1RZ61,8.A.7,8.A.7,0.8,3498,False
KND87996,8.A.70,8.A.70,0.6,3503,False
A9V5D8,8.A.70,8.A.70,0.6,3504,False
E3M513,8.A.71,1.B.5,0.4,3508,False
AIA09566,8.A.72,1.B.5,0.4,3511,False
G3AKL2,8.A.73,8.A.73,1.0,3520,False
P81450,8.A.73,8.A.73,1.0,3521,False
O14894,8.A.75,8.A.75,0.6,3526,False
P30408,8.A.75,8.A.75,0.6,3527,False
M0ZJN1,8.A.76,8.A.76,0.6,3532,False
Q14TH3,8.A.77,8.A.77,1.0,3542,False
NP_080609,8.A.77,8.A.77,1.0,3543,False
P01057,8.A.77,8.A.77,1.0,3544,False
XP_054180400,8.A.78,1.B.5,0.6,3546,False
A2SGV2,8.A.79,1.B.5,0.6,3549,False
A1RZ60,8.A.8,8.A.8,0.6,3555,False
O50515,8.A.8,8.A.8,0.6,3556,False
P28783,8.A.81,1.B.5,0.6,3561,False
XP_055072748,8.A.83,8.A.83,1.0,3569,False
XP_017264102,8.A.83,8.A.83,1.0,3570,False
Q9BXS4,8.A.84,8.A.84,0.6,3574,False
NP_648847,8.A.88,8.A.88,1.0,3584,False
P30101,8.A.88,8.A.88,1.0,3585,False
AAH93062,8.A.88,8.A.88,1.0,3586,False
Q9VHX9,8.A.9,1.B.5,0.6,3592,False
Q5DDT5,8.A.9,1.B.5,0.6,3593,False
Q9BT76,8.A.90,8.A.90,0.8,3598,False
T2F9S8,8.A.90,8.A.90,0.8,3599,False
Q12846,8.A.91,8.A.91,1.0,3611,False
A0AVG3,8.A.91,1.B.5,0.6,3612,False
P93654,8.A.91,1.B.5,0.6,3613,False
G3X0R8,8.A.93,8.A.93,1.0,3620,False
Q9BZW5,8.A.93,8.A.93,1.0,3621,False
SBP60566,8.A.94,8.A.94,0.8,3626,False
Q7Z5L3,8.A.94,8.A.94,0.8,3627,False
P62258,8.A.98,1.B.5,0.6,3636,False
P61981,8.A.98,1.B.5,0.6,3637,False
V4QS44,8.A.98,1.B.5,0.6,3638,False
WP_026610930,8.A.99,1.B.5,0.4,3642,False
P45667,8.B.1,8.B.1,1.0,3656,False
P60266,8.B.1,8.B.1,1.0,3657,False
TKW02011,8.B.1,8.B.1,1.0,3658,False
AME17663,8.B.1,1.B.5,0.6,3659,False
P84919,8.B.11,8.B.11,0.6,3663,False
P86716,8.B.12,8.B.12,0.8,3668,False
XP_020356628,8.B.13,8.B.13,1.0,3675,False
O43291,8.B.13,8.B.13,1.0,3676,False
C3TS07,8.B.17,8.B.17,1.0,3683,False
B1B5I9,8.B.17,8.B.17,1.0,3684,False
C0HKG8,8.B.19,8.B.19,1.0,3693,False
P81790,8.B.19,8.B.19,1.0,3694,False
AED89561,8.B.23,1.C.74,0.8,3700,False
P81782,8.B.23,1.C.74,0.6,3701,False
G3CKQ5,8.B.25,8.B.25,1.0,3710,False
G8XTD4,8.B.25,8.B.25,1.0,3711,False
Q80KL8,8.B.25,8.B.25,1.0,3712,False
ATF27819,8.B.28,8.B.28,1.0,3720,False
AXL93751,8.B.28,8.B.28,1.0,3721,False
B1P1H2,8.B.3,8.B.5,0.6,3727,False
Q7YT39,8.B.3,8.B.5,0.6,3728,False
P55817,8.B.30,1.B.5,0.6,3731,False
Q09470,8.B.31,1.B.5,0.4,3732,False
P0CY81,8.B.32,8.B.32,1.0,3746,False
P0CAQ2,8.B.32,8.B.32,1.0,3747,False
P0C1X0,8.B.32,8.B.32,1.0,3748,False
P0C2C5,8.B.32,8.B.32,1.0,3749,False
P0C666,8.B.4,8.B.28,0.8,3763,False
ATF27565,8.B.4,8.B.28,0.8,3764,False
Q9BP53,8.B.4,8.B.28,0.8,3765,False
WEQ50348,8.B.4,8.B.28,0.8,3766,False
AKZ19080,8.B.42,1.B.5,0.6,3769,False
WP_125548623,8.B.43,8.B.43,0.8,3775,False
WP_137635425,8.B.43,8.B.43,0.8,3776,False
P56852,8.B.5,8.B.3,0.6,3785,False
P60590,8.B.5,8.B.5,1.0,3786,False
M5AY63,8.B.5,8.B.5,0.6,3787,False
B8XH25,8.B.7,8.B.7,0.6,3792,False
P0C194,8.B.8,8.B.8,1.0,3800,False
P0C8R1,8.B.8,8.B.8,1.0,3801,False
B0X6A3,8.B.9,1.B.5,0.6,3807,False
P48060,8.B.9,8.B.9,0.6,3808,False
XP_005472026,9.A.1,1.B.5,0.6,3815,False
X2JDY8,9.A.1,1.B.5,0.6,3816,False
Q9V9S0,9.A.16,9.A.16,1.0,3824,False
Q9UQV4,9.A.16,9.A.16,1.0,3825,False
Q986E2,9.A.18,9.A.18,0.6,3830,False
XP_044548243,9.A.19,9.A.19,1.0,3837,False
PYI33190,9.A.19,9.A.19,1.0,3838,False
Q9HVM8,9.A.21,1.B.5,0.6,3840,False
A9NFH9,9.A.23,1.B.5,0.6,3842,False
Q59Q40,9.A.26,9.A.26,0.6,3846,False
A4XHF2,9.A.28,1.B.5,0.4,3850,False
WP_093835186,9.A.32,9.A.32,1.0,3863,False
WP_173774957,9.A.32,9.A.32,1.0,3864,False
WP_090409123,9.A.32,9.A.32,1.0,3865,False
Q9KW03,9.A.33,1.B.5,0.4,3866,False
CAF0919544,9.A.35,9.A.35,0.8,3872,False
Q8I4H9,9.A.35,9.A.35,0.8,3873,False
Q9NRY6,9.A.36,9.A.36,1.0,3879,False
Q8IJH8,9.A.36,9.A.36,1.0,3880,False
Q1WF75,9.A.37,1.B.5,0.4,3881,False
S6A3A3,9.A.4,9.A.4,0.8,3887,False
Q73GS7,9.A.4,9.A.4,1.0,3888,False
KQJ85610,9.A.43,9.A.43,1.0,3901,False
Q8LPS2,9.A.43,9.A.43,1.0,3902,False
XP_015973699,9.A.43,9.A.43,1.0,3903,False
D4GQY8,9.A.45,1.B.5,0.6,3905,False
Q54NS7,9.A.49,9.A.49,1.0,3915,False
Q5CW48,9.A.49,9.A.49,1.0,3916,False
P53633,9.A.49,9.A.49,1.0,3917,False
D2YRH2,9.A.5,9.A.5,1.0,3923,False
P39379,9.A.5,9.A.5,0.8,3924,False
M1V9R7,9.A.54,9.A.54,1.0,3933,False
Q00X06,9.A.54,9.A.54,1.0,3934,False
Q68DH5,9.A.54,9.A.54,1.0,3935,False
Q12466,9.A.57,9.A.57,1.0,3945,False
P48231,9.A.57,9.A.57,1.0,3946,False
Q03640,9.A.57,9.A.57,1.0,3947,False
H1A8I6,9.A.59,1.B.5,0.4,3950,False
A0DG78,9.A.6,1.B.5,0.6,3952,False
I8AJB9,9.A.66,1.B.5,0.4,3955,False
WP_101143913,9.A.7,9.A.7,1.0,3961,False
WP_061080484,9.A.7,9.A.7,1.0,3962,False
P00505,9.A.70,1.B.5,0.6,3963,False
Q99445,9.A.71,1.B.5,0.6,3964,False
RJU95109,9.A.76,1.B.5,0.6,3974,False
KAE8977401,9.A.76,9.A.76,1.0,3975,False
RLT34927,9.A.76,1.B.5,0.6,3976,False
KAF4923135,9.A.78,9.A.78,0.8,3981,False
XP_002765820,9.A.79,1.B.5,0.4,3985,False
XP_011674862,9.A.80,9.A.80,0.8,3990,False
NBO37220,9.A.81,9.A.81,0.6,3995,False
Q9HFE1,9.A.9,1.B.5,0.6,3997,False
E8XKQ3,9.B.100,1.B.5,0.6,3998,False
KMZ66701,9.B.103,1.B.5,0.4,4001,False
D8IUH5,9.B.108,9.B.108,0.8,4006,False
A3TJM9,9.B.108,9.B.108,0.8,4007,False
F0VLB1,9.B.11,1.B.5,0.6,4009,False
WP_042258648,9.B.110,9.B.110,0.8,4014,False
WP_121250785,9.B.111,1.B.5,0.6,4019,False
Q96PC5,9.B.113,1.B.5,0.6,4023,False
P0AFY2,9.B.114,1.B.5,0.6,4024,False
WP_124789456,9.B.116,9.B.116,1.0,4032,False
TFH37055,9.B.116,9.B.116,1.0,4033,False
WP_051287091,9.B.118,9.B.118,0.8,4038,False
WP_089971100,9.B.118,9.B.118,0.8,4039,False
Q8LPI6,9.B.119,9.B.119,0.8,4044,False
QIR82081,9.B.119,9.B.119,0.8,4045,False
Q07549,9.B.12,9.B.12,1.0,4055,False
P56508,9.B.12,9.B.12,1.0,4056,False
Q20516,9.B.12,9.B.12,1.0,4057,False
SDO08619,9.B.120,9.B.120,1.0,4065,False
NYE48519,9.B.120,9.B.120,1.0,4066,False
Q82QI0,9.B.122,9.B.122,0.8,4071,False
C4M797,9.B.123,9.B.123,0.6,4076,False
F4QRL0,9.B.124,9.B.124,1.0,4087,False
B7MI53,9.B.124,9.B.124,1.0,4088,False
V4PBP8,9.B.124,9.B.124,1.0,4089,False
Q8PVB2,9.B.125,1.B.5,0.6,4093,False
R5HFF1,9.B.126,9.B.126,1.0,4105,False
Q72HC9,9.B.126,9.B.126,1.0,4106,False
AUZ87169,9.B.126,9.B.126,1.0,4107,False
WP_014620776,9.B.127,9.B.127,0.6,4112,False
P0A236,9.B.128,9.B.128,0.6,4116,False
K9HWE0,9.B.13,9.B.13,0.6,4120,False
U6J488,9.B.130,9.B.130,1.0,4129,False
M7B5M6,9.B.130,9.B.130,1.0,4130,False
O55100,9.B.130,9.B.130,1.0,4131,False
E7KKW7,9.B.132,1.B.5,0.4,4133,False
E4UA69,9.B.133,9.B.133,0.6,4137,False
I1L1Q2,9.B.134,1.B.5,0.6,4139,False
CDW76090,9.B.135,9.B.135,1.0,4152,False
Q9BWQ6,9.B.135,9.B.135,1.0,4153,False
P53108,9.B.135,9.B.135,1.0,4154,False
WP_013217642,9.B.136,9.B.136,1.0,4162,False
A8A9N6,9.B.136,9.B.136,1.0,4163,False
MQY02608,9.B.138,9.B.138,0.6,4167,False
H2GWS5,9.B.139,9.B.139,1.0,4175,False
E2S7A3,9.B.139,9.B.139,1.0,4176,False
C7TAQ3,9.B.141,1.B.5,0.4,4179,False
G0G9H5,9.B.145,9.B.145,0.6,4184,False
H0R417,9.B.145,9.B.145,0.6,4185,False
P0AC78,9.B.146,9.B.146,0.6,4192,False
ALM14264,9.B.146,9.B.146,0.6,4193,False
Q138B7,9.B.15,9.B.15,1.0,4203,False
D2S9V8,9.B.15,9.B.15,1.0,4204,False
Q6MHC6,9.B.15,9.B.15,1.0,4205,False
Q6MK65,9.B.150,9.B.150,0.6,4209,False
OHB97472,9.B.154,9.B.154,1.0,4219,False
AJM78027,9.B.154,9.B.154,1.0,4220,False
B1ZTG9,9.B.154,9.B.154,1.0,4221,False
Q58290,9.B.156,1.B.5,0.6,4228,False
I6ZUE8,9.B.156,9.B.156,1.0,4229,False
F2MU33,9.B.158,1.B.5,0.6,4232,False
D5EE66,9.B.160,9.B.160,1.0,4245,False
A4TZ39,9.B.160,9.B.160,1.0,4246,False
Q1MQG2,9.B.160,9.B.160,1.0,4247,False
P08550,9.B.160,9.B.160,1.0,4248,False
Q7UM60,9.B.163,9.B.163,1.0,4258,False
D5SYL6,9.B.163,9.B.163,1.0,4259,False
D5ST04,9.B.163,9.B.163,1.0,4260,False
E1THQ6,9.B.164,1.B.5,0.4,4263,False
Q94AL8,9.B.166,1.B.5,0.6,4264,False
A3UXB5,9.B.167,1.B.5,0.4,4267,False
D2QPR7,9.B.168,1.B.5,0.4,4270,False
B8FMP7,9.B.170,9.B.170,0.8,4276,False
Q1IUU0,9.B.170,9.B.170,0.8,4277,False
Q11WV5,9.B.172,9.B.172,0.6,4282,False
WP_156809393,9.B.174,9.B.174,0.6,4290,False
WP_088466477,9.B.174,1.B.5,0.6,4291,False
A6URJ2,9.B.176,9.B.176,0.6,4296,False
Q12VB2,9.B.176,9.B.176,0.6,4297,False
S9VAZ9,9.B.177,1.B.5,0.6,4299,False
WP_176323877,9.B.18,9.B.18,0.6,4307,False
P27830,9.B.18,9.B.18,0.6,4308,False
R8RPP1,9.B.182,9.B.182,0.8,4314,False
K0N7U5,9.B.182,9.B.182,0.8,4315,False
D1PQ73,9.B.183,9.B.183,1.0,4323,False
P71056,9.B.183,9.B.183,1.0,4324,False
C5CCA2,9.B.185,9.B.185,1.0,4330,False
D1CEH0,9.B.185,9.B.185,1.0,4331,False
Q9BVK6,9.B.188,9.B.188,1.0,4340,False
Q6NWI7,9.B.188,9.B.188,1.0,4341,False
A5KC26,9.B.19,1.B.5,0.4,4345,False
P48583,9.B.191,9.B.191,1.0,4355,False
A0Y0J1,9.B.191,9.B.191,1.0,4356,False
MBE0344742,9.B.191,9.B.191,1.0,4357,False
Q12016,9.B.199,9.B.199,1.0,4364,False
L1JGY1,9.B.199,9.B.199,1.0,4365,False
SDF61091,9.B.20,9.B.20,1.0,4379,False
WP_002265438,9.B.20,9.B.20,1.0,4380,False
WP_020581537,9.B.20,9.B.20,1.0,4381,False
KKQ27895,9.B.20,9.B.20,1.0,4382,False
PIK57755,9.B.200,9.B.200,0.6,4386,False
C5GC38,9.B.203,1.B.5,0.6,4389,False
GET92160,9.B.204,9.B.204,1.0,4397,False
XP_002683027,9.B.204,9.B.204,0.6,4398,False
P32341,9.B.206,9.B.206,1.0,4405,False
W0T9B7,9.B.206,9.B.206,1.0,4406,False
W5L189,9.B.207,1.B.5,0.6,4408,False
Q07869,9.B.208,1.B.5,0.6,4414,False
Q13133,9.B.208,1.B.5,0.6,4415,False
Q7CJK3,9.B.209,1.B.5,0.6,4417,False
P27838,9.B.21,1.B.5,0.6,4420,False
WP_109489060,9.B.210,9.B.210,1.0,4432,False
OHE59509,9.B.210,9.B.210,1.0,4433,False
WP_044729301,9.B.210,9.B.210,1.0,4434,False
H0E5G9,9.B.211,1.B.5,0.4,4437,False
P04288,9.B.212,1.B.5,0.6,4438,False
A5H0X7,9.B.213,1.B.5,0.4,4442,False
WP_068761139,9.B.214,9.B.214,1.0,4453,False
WP_053485284,9.B.214,9.B.214,1.0,4454,False
WP_131276719,9.B.214,9.B.214,1.0,4455,False
M2XSV3,9.B.216,9.B.216,0.8,4460,False
Q9ASV5,9.B.216,9.B.216,0.8,4461,False
WP_014405681,9.B.218,9.B.218,0.8,4467,False
WP_062417086,9.B.218,9.B.218,0.8,4468,False
WP_081499969,9.B.221,9.B.221,1.0,4481,False
WP_028098897,9.B.221,9.B.221,1.0,4482,False
WP_119506911,9.B.221,9.B.221,1.0,4483,False
G9EP97,9.B.223,9.B.223,1.0,4493,False
AKM78687,9.B.223,9.B.223,1.0,4494,False
AKM78689,9.B.223,9.B.223,1.0,4495,False
WP_051394874,9.B.225,9.B.225,1.0,4503,False
A4SKX1,9.B.225,9.B.225,1.0,4504,False
C0VZJ6,9.B.226,9.B.226,1.0,4513,False
K9B2Q0,9.B.226,9.B.226,1.0,4514,False
WP_122820729,9.B.226,9.B.226,1.0,4515,False
Q4Q4P9,9.B.228,9.B.228,0.8,4520,False
KIO23915,9.B.228,9.B.228,0.8,4521,False
Q08693,9.B.229,9.B.229,0.8,4528,False
Q04609,9.B.229,9.B.229,0.6,4529,False
B9RCI8,9.B.23,9.B.23,1.0,4538,False
U5FWZ7,9.B.23,9.B.23,1.0,4539,False
K3XFH1,9.B.23,9.B.23,1.0,4540,False
D6RJM9,9.B.230,1.B.5,0.4,4544,False
Q8L638,9.B.231,9.B.231,0.6,4549,False
S8GD98,9.B.231,9.B.231,0.6,4550,False
Q22DH8,9.B.232,9.B.232,1.0,4559,False
Q4CPH8,9.B.232,9.B.232,1.0,4560,False
E9B152,9.B.232,9.B.232,1.0,4561,False
Q5YNM5,9.B.234,1.B.5,0.4,4564,False
AHB41346,9.B.237,9.B.237,0.8,4569,False
SEG41633,9.B.237,9.B.237,0.8,4570,False
KKR67229,9.B.239,9.B.239,0.6,4574,False
WP_073151285,9.B.241,9.B.241,0.8,4583,False
KKK45936,9.B.241,1.B.5,0.6,4584,False
PIR56717,9.B.243,1.B.5,0.6,4586,False
MBQ1273715,9.B.245,1.B.5,0.4,4589,False
WP_012020642,9.B.248,9.B.248,0.8,4594,False
WP_049954298,9.B.248,9.B.248,0.8,4595,False
WP_038794236,9.B.250,9.B.250,0.6,4600,False
WP_081449648,9.B.254,9.B.254,0.6,4604,False
A5JZU0,9.B.26,9.B.26,0.8,4610,False
A2EH91,9.B.26,9.B.26,0.8,4611,False
WP_103344802,9.B.261,1.B.5,0.6,4613,False
PIE62953,9.B.263,9.B.263,1.0,4622,False
RZD16788,9.B.263,9.B.263,1.0,4623,False
WP_017304407,9.B.265,9.B.265,0.6,4629,False
PIQ25652,9.B.265,1.B.5,0.6,4630,False
WP_102961726,9.B.273,1.B.5,0.6,4632,False
P37659,9.B.275,1.B.5,0.6,4633,False
G0QX98,9.B.276,1.B.5,0.6,4635,False
Q14118,9.B.277,8.A.204,0.8,4636,False
OUC06354,9.B.286,9.B.286,0.6,4641,False
NP_081084,9.B.287,9.B.287,0.8,4646,False
NIQ06385,9.B.296,1.B.5,0.4,4650,False
WP_050765824,9.B.297,9.B.297,1.0,4663,False
TWJ13789,9.B.297,9.B.297,1.0,4664,False
PAW60084,9.B.297,9.B.297,1.0,4665,False
WP_332355618,9.B.297,9.B.297,1.0,4666,False
WP_044035693,9.B.299,1.B.5,0.6,4669,False
WP_006828861,9.B.300,1.B.5,0.6,4672,False
RJQ44302,9.B.301,1.B.5,0.6,4675,False
WP_069909221,9.B.302,9.B.302,0.8,4680,False
WP_069116643,9.B.302,9.B.302,0.8,4681,False
YP_294138,9.B.309,9.B.309,0.8,4686,False
Q45064,9.B.31,1.B.5,0.6,4688,False
WP_018247222,9.B.310,1.B.5,0.4,4692,False
XP_012651217,9.B.314,9.B.314,1.0,4699,False
GBE61450,9.B.314,9.B.314,1.0,4700,False
P47026,9.B.315,1.B.5,0.4,4705,False
OEH80241,9.B.315,9.B.315,0.6,4706,False
XP_007269378,9.B.316,9.B.316,0.6,4710,False
CDW55652,9.B.317,9.B.317,1.0,4717,False
RCN37802,9.B.317,9.B.317,1.0,4718,False
Q0K0R7,9.B.32,9.B.32,1.0,4724,False
C7RSB7,9.B.32,9.B.32,1.0,4725,False
Q97YM6,9.B.323,9.B.323,1.0,4732,False
TXT58066,9.B.323,9.B.323,1.0,4733,False
XP_014717418,9.B.329,9.B.329,0.8,4738,False
XP_008709693,9.B.329,9.B.329,0.8,4739,False
OPY34595,9.B.33,9.B.33,0.6,4744,False
WP_141687139,9.B.33,9.B.33,0.6,4745,False
OPY17395,9.B.331,9.B.331,0.6,4750,False
WP_011249992,9.B.333,1.B.5,0.4,4754,False
WP_128121392,9.B.34,9.B.34,0.6,4761,False
EHB50236,9.B.34,9.B.34,0.6,4762,False
OLS16511,9.B.349,9.B.349,1.0,4770,False
PWI46967,9.B.349,9.B.349,1.0,4771,False
F7ZL37,9.B.35,1.B.5,0.4,4776,False
YP_009042119,9.B.350,9.B.350,0.6,4780,False
XP_016890459,9.B.360,9.B.360,1.0,4787,False
XP_015767335,9.B.360,9.B.360,0.8,4788,False
TTE66793,9.B.362,1.B.5,0.6,4794,False
TGZ58939,9.B.362,9.B.362,0.6,4795,False
XP_025610126,9.B.363,9.B.363,0.8,4800,False
PIN75864,9.B.363,9.B.363,0.8,4801,False
XP_028885247,9.B.366,9.B.366,0.8,4806,False
OLP91653,9.B.366,9.B.366,0.8,4807,False
XP_014528649,9.B.368,9.B.368,1.0,4815,False
CBN75028,9.B.368,9.B.368,1.0,4816,False
VEL21795,9.B.369,9.B.369,0.6,4821,False
VZI30569,9.B.369,9.B.369,0.6,4822,False
WP_148791740,9.B.370,9.B.370,1.0,4831,False
WP_066759509,9.B.370,9.B.370,1.0,4832,False
WP_163572643,9.B.370,9.B.370,1.0,4833,False
WP_132849460,9.B.371,1.B.5,0.6,4845,False
WP_143505982,9.B.371,1.B.5,0.6,4846,False
WP_119313807,9.B.371,1.B.5,0.6,4847,False
AIA62279,9.B.375,1.B.5,0.6,4849,False
AVP78050,9.B.376,1.B.5,0.4,4852,False
AWH65912,9.B.378,1.B.5,0.4,4855,False
YP_001039965,9.B.379,1.B.5,0.6,4858,False
A0E9B5,9.B.38,1.B.5,0.6,4863,False
VFS91205,9.B.381,9.B.381,0.8,4868,False
OAT24401,9.B.381,9.B.381,0.8,4869,False
WP_144901851,9.B.382,1.B.5,0.4,4872,False
WP_123670180,9.B.383,1.B.5,0.4,4875,False
KAF0742818,9.B.385,9.B.385,0.8,4880,False
OGO15652,9.B.386,9.B.386,0.6,4885,False
WP_075072024,9.B.386,9.B.386,0.6,4886,False
AOV16085,9.B.398,9.B.398,0.8,4891,False
NEV64173,9.B.398,9.B.398,0.8,4892,False
P0A8S5,9.B.4,1.B.5,0.6,4893,False
WP_061358437,9.B.40,9.B.40,0.6,4897,False
WP_147581693,9.B.401,1.B.5,0.4,4901,False
OLS18358,9.B.402,1.B.5,0.4,4904,False
WP_139066557,9.B.404,9.B.404,0.6,4908,False
PNY01650,9.B.405,1.B.5,0.4,4912,False
MEM0111568,9.B.408,9.B.408,1.0,4919,False
GAK50019,9.B.408,9.B.408,1.0,4920,False
XP_001611203,9.B.409,9.B.409,0.8,4927,False
XP_001609170,9.B.409,9.B.409,1.0,4928,False
Q8N4S9,9.B.41,9.B.41,0.8,4933,False
H9H2J6,9.B.41,9.B.41,0.8,4934,False
B6DUB3,9.B.410,9.B.410,1.0,4941,False
P16743,9.B.410,9.B.410,1.0,4942,False
KPM02837,9.B.411,9.B.411,0.8,4947,False
XP_031425709,9.B.413,1.B.5,0.4,4950,False
WP_107360976,9.B.415,9.B.415,0.6,4955,False
WP_085622568,9.B.415,9.B.415,0.6,4956,False
WP_157897187,9.B.418,9.B.418,1.0,4962,False
KAF4589549,9.B.418,1.B.5,0.4,4963,False
CAF1434434,9.B.422,9.B.422,1.0,4972,False
XP_021346624,9.B.422,9.B.422,1.0,4973,False
XP_009021174,9.B.422,9.B.422,1.0,4974,False
P40126,9.B.423,1.B.5,0.4,4977,False
WP_050659402,9.B.429,1.B.5,0.4,4981,False
Q0EZ69,9.B.43,9.B.43,0.6,4985,False
MBP2646560,9.B.430,9.B.430,0.8,4990,False
MPZ73731,9.B.430,9.B.430,0.8,4991,False
AHL30243,9.B.432,9.B.432,1.0,4998,False
KPJ06551,9.B.432,1.B.5,0.6,4999,False
O00264,9.B.433,9.B.433,0.6,5004,False
XP_017077840,9.B.433,9.B.433,0.6,5005,False
XP_021391155,9.B.434,9.B.434,0.4,5008,False
CAD7941936,9.B.440,9.B.440,1.0,5015,False
XP_011131634,9.B.440,9.B.440,1.0,5016,False
MPZ51052,9.B.443,1.B.5,0.4,5024,False
WP_018894818,9.B.443,1.B.5,0.6,5025,False
AHG20698,9.B.444,9.B.444,0.6,5030,False
KAG7278781,9.B.445,9.B.445,1.0,5040,False
KAG7219423,9.B.445,9.B.445,1.0,5041,False
XP_012821900,9.B.445,9.B.445,1.0,5042,False
XP_020261152,9.B.446,9.B.446,1.0,5048,False
MCO5232536,9.B.446,9.B.446,1.0,5049,False
KAJ6224412,9.B.447,9.B.447,0.8,5054,False
MAD56197,9.B.450,1.B.5,0.4,5057,False
XP_020357351,9.B.452,9.B.452,0.6,5061,False
SVE85553,9.B.453,9.B.453,0.8,5070,False
XP_002738061,9.B.453,9.B.453,1.0,5071,False
XP_005764538,9.B.456,9.B.456,0.8,5076,False
XP_004341655,9.B.457,9.B.457,0.8,5081,False
XP_056038692,9.B.459,1.B.5,0.4,5085,False
Q8NVK5,9.B.46,1.B.5,0.6,5086,False
O00244,9.B.462,9.B.462,0.8,5091,False
Q72TA0,9.B.50,9.B.50,1.0,5100,False
F7NHB4,9.B.50,9.B.50,0.8,5101,False
A8IKM0,9.B.51,9.B.51,1.0,5109,False
A8J7Z7,9.B.51,9.B.51,1.0,5110,False
I4EGF2,9.B.54,9.B.54,0.6,5115,False
B3S9N4,9.B.55,9.B.55,0.6,5120,False
OAJ10018,9.B.57,9.B.57,0.6,5125,False
Q8WVF1,9.B.68,1.B.5,0.6,5126,False
P75028,9.B.73,1.B.5,0.6,5128,False
P23157,9.B.75,1.B.5,0.6,5132,False
Q3C2E8,9.B.76,1.B.5,0.4,5133,False
ORY52361,9.B.77,9.B.77,0.6,5138,False
PWU93445,9.B.77,9.B.77,0.6,5139,False
A0CS82,9.B.82,9.B.82,0.8,5144,False
A4HCA2,9.B.82,9.B.82,0.8,5145,False
Q9RFR9,9.B.83,1.B.5,0.6,5146,False
M1EV50,9.B.88,1.B.5,0.6,5149,False
WP_011390608,9.B.90,9.B.90,1.0,5155,False
WP_092927329,9.B.90,9.B.90,1.0,5156,False
Q9BSG5,9.B.92,9.B.92,0.6,5161,False
K7E4M5,9.B.92,9.B.92,0.6,5162,False
WP_138772272,9.B.98,9.B.98,1.0,5171,False
P37873,9.B.98,9.B.98,1.0,5172,False
